employee_id,department,hire_date,base_salary,overtime_hours,overtime_pay,bank_account,payroll_date
E0001,인사팀,2012-12-09,3167026,4,99783,가상은행 6543-79-191161,2026-06-25
E0002,구매팀,2012-01-03,3171981,22,536977,가상은행 5597-35-850800,2026-06-25
E0003,구매팀,2015-08-19,3353407,4,99170,가상은행 3787-45-263032,2026-06-25
E0004,재무팀,2024-06-04,2949191,0,0,가상은행 3817-87-377370,2026-06-25
E0005,영업팀,2023-08-18,2948461,0,0,가상은행 7794-90-748564,2026-06-25
E0006,생산관리팀,2021-04-23,2774025,30,687347,가상은행 3370-20-996865,2026-06-25
E0007,재무팀,2025-02-13,3587717,30,760093,가상은행 2332-57-472528,2026-06-25
E0008,재무팀,2022-05-23,4487435,26,638037,가상은행 5375-41-271339,2026-06-25
E0009,경영지원팀,2018-05-21,4742002,8,197907,가상은행 7904-17-340174,2026-06-25
E0010,영업팀,2024-06-13,3384701,8,205220,가상은행 5646-50-322955,2026-06-25
E0011,경영지원팀,2018-11-15,3188873,4,91946,가상은행 5598-78-375504,2026-06-25
E0012,구매팀,2021-07-12,3122525,22,527429,가상은행 7191-16-214975,2026-06-25
E0013,IT운영팀,2022-03-26,4671333,26,578606,가상은행 4126-86-590785,2026-06-25
E0014,총무팀,2020-01-22,4510058,8,2214878,가상은행 3786-24-407757,2026-06-25
E0015,구매팀,2014-08-01,4588091,22,551052,가상은행 5158-23-755674,2026-06-25
E0016,총무팀,2025-11-17,4154286,4,93982,가상은행 2323-79-916449,2026-06-25
E0017,영업팀,2021-06-16,2808650,12,306178,가상은행 7813-49-351083,2026-06-25
E0018,영업팀,2015-10-03,3004798,0,0,가상은행 5363-26-234628,2026-06-25
E0019,경영지원팀,2020-03-09,4271846,8,205725,가상은행 7187-98-310922,2026-06-25
E0020,총무팀,2018-11-21,3579690,22,523730,가상은행 3030-38-167136,2026-06-25
E0021,생산관리팀,2012-10-18,3165457,0,0,가상은행 6169-17-340062,2026-06-25
E0022,인사팀,2012-06-03,4174782,10,246759,가상은행 2755-79-238739,2026-06-25
E0023,경영지원팀,2015-08-26,3749829,0,0,가상은행 4531-55-544154,2026-06-25
E0024,구매팀,2019-12-02,4501599,0,0,가상은행 3779-23-360735,2026-06-25
E0025,재무팀,2015-09-15,3271187,4,92456,가상은행 3046-19-564656,2026-06-25
E0026,인사팀,2012-11-18,4957737,0,0,가상은행 7952-40-274389,2026-06-25
E0027,구매팀,2019-08-07,5160260,0,0,가상은행 1017-59-378085,2026-06-25
E0028,경영지원팀,2016-07-23,4741382,30,746208,가상은행 2268-34-411120,2026-06-25
E0029,재무팀,2012-10-24,4081959,12,266743,가상은행 5785-71-627276,2026-06-25
E0030,IT운영팀,2012-09-03,5047425,0,0,가상은행 6531-40-523389,2026-06-25
E0031,인사팀,2021-04-19,4070836,26,580526,가상은행 6385-84-692683,2026-06-25
E0032,생산관리팀,2016-04-22,4614722,8,184499,가상은행 2072-95-776856,2026-06-25
E0033,총무팀,2019-06-25,2754883,18,440723,가상은행 5612-22-176819,2026-06-25
E0034,재무팀,2020-05-05,3386066,8,187824,가상은행 2292-66-974244,2026-06-25
E0035,총무팀,2021-11-17,3040771,10,257270,가상은행 1848-27-377312,2026-06-25
E0036,인사팀,2013-12-18,3192788,10,244193,가상은행 6878-53-313487,2026-06-25
E0037,총무팀,2020-08-09,4976633,0,0,가상은행 7794-45-146228,2026-06-25
E0038,영업팀,2017-03-21,3434715,18,435720,가상은행 4503-81-110139,2026-06-25
E0039,인사팀,2013-12-05,4068889,12,291960,가상은행 2213-65-233636,2026-06-25
E0040,영업팀,2016-06-26,4970916,12,274083,가상은행 3044-95-207786,2026-06-25
E0041,생산관리팀,2024-09-28,3731030,8,203667,가상은행 8997-32-532322,2026-06-25
E0042,영업팀,2014-12-11,8800000,30,763687,가상은행 3185-30-925622,2026-06-25
E0043,인사팀,2018-01-28,3766619,8,202130,가상은행 4770-54-420015,2026-06-25
E0044,재무팀,2015-01-22,3258910,12,277372,가상은행 1568-45-468203,2026-06-25
E0045,구매팀,2022-09-11,2810472,10,227142,가상은행 8885-43-140115,2026-06-25
E0046,인사팀,2021-07-12,4614457,16,390797,가상은행 5189-24-503906,2026-06-25
E0047,재무팀,2016-01-23,3650886,22,565450,가상은행 5410-97-854377,2026-06-25
E0048,재무팀,2017-07-03,4623119,26,604647,가상은행 7946-25-854717,2026-06-25
E0049,총무팀,2020-05-22,3821013,16,396621,가상은행 5541-26-301158,2026-06-25
E0050,구매팀,2022-07-22,4541240,26,631186,가상은행 4326-80-974224,2026-06-25
E0051,영업팀,2016-05-07,3818951,18,427808,가상은행 6534-37-636004,2026-06-25
E0052,경영지원팀,2024-12-06,4494457,10,240618,가상은행 6185-89-451470,2026-06-25
E0053,인사팀,2025-04-22,3467776,8,180715,가상은행 1378-41-598216,2026-06-25
E0054,인사팀,2019-07-21,4151940,16,383640,가상은행 2998-28-787926,2026-06-25
E0055,영업팀,2024-02-25,3764735,4,100865,가상은행 6700-76-587115,2026-06-25
E0056,영업팀,2020-04-28,2989317,4,100822,가상은행 7742-11-390455,2026-06-25
E0057,생산관리팀,2024-08-20,5214649,16,405156,가상은행 5488-67-266889,2026-06-25
E0058,경영지원팀,2019-05-25,3195391,22,526644,가상은행 2959-45-561239,2026-06-25
E0059,인사팀,2023-05-08,3526080,12,306865,가상은행 1660-27-258157,2026-06-25
E0060,재무팀,2018-12-05,4562172,0,0,가상은행 3710-79-588557,2026-06-25
E0061,구매팀,2012-04-27,3854198,6,2285385,가상은행 7271-83-498858,2026-06-25
E0062,경영지원팀,2012-06-10,5154465,16,386446,가상은행 7018-79-938722,2026-06-25
E0063,재무팀,2019-04-09,3904616,0,0,가상은행 6479-96-936912,2026-06-25
E0064,구매팀,2023-03-27,3716913,26,627548,가상은행 8429-60-720644,2026-06-25
E0065,영업팀,2013-11-14,3292062,4,88804,가상은행 4105-51-321941,2026-06-25
E0066,경영지원팀,2017-06-25,3795886,16,368145,가상은행 1670-70-120324,2026-06-25
E0067,영업팀,2017-04-21,2771106,0,0,가상은행 2633-12-751517,2026-06-25
E0068,IT운영팀,2015-03-16,4509973,26,670566,가상은행 4809-99-368690,2026-06-25
E0069,생산관리팀,2014-10-20,4510048,4,103435,가상은행 1885-84-126925,2026-06-25
E0070,총무팀,2021-11-13,3753981,0,0,가상은행 7804-90-354646,2026-06-25
E0071,인사팀,2023-05-28,4513467,26,653394,가상은행 3844-78-549186,2026-06-25
E0072,생산관리팀,2013-09-21,3356633,16,404629,가상은행 1864-65-479781,2026-06-25
E0073,경영지원팀,2023-03-14,3323545,30,692409,가상은행 7620-78-912270,2026-06-25
E0074,경영지원팀,2019-07-27,4590716,12,304882,가상은행 7805-21-392477,2026-06-25
E0075,경영지원팀,2015-08-19,4248699,12,265377,가상은행 7971-51-290672,2026-06-25
E0076,경영지원팀,2015-06-26,3528435,10,255212,가상은행 6744-45-682789,2026-06-25
E0077,영업팀,2020-04-03,3263085,18,435972,가상은행 2968-98-599219,2026-06-25
E0078,경영지원팀,2019-01-03,3466180,16,396274,가상은행 3508-94-709805,2026-06-25
E0079,생산관리팀,2019-09-17,3573086,22,513109,가상은행 6757-68-384076,2026-06-25
E0080,총무팀,2016-04-04,4550969,12,269738,가상은행 5389-98-294143,2026-06-25
E0081,재무팀,2015-12-16,3625060,26,601431,가상은행 1823-34-410636,2026-06-25
E0082,재무팀,2017-03-10,3030040,4,92388,가상은행 8981-16-680238,2026-06-25
E0083,총무팀,2023-03-21,5207361,0,0,가상은행 5702-46-592198,2026-06-25
E0084,경영지원팀,2019-06-06,2882371,18,404214,가상은행 1535-61-615633,2026-06-25
E0085,인사팀,2021-11-22,2829548,4,100978,가상은행 8775-48-189318,2026-06-25
E0086,재무팀,2013-09-25,3768325,22,517473,가상은행 8442-66-411797,2026-06-25
E0087,구매팀,2016-10-20,2802026,8,196016,가상은행 3167-94-185131,2026-06-25
E0088,IT운영팀,2015-03-18,2832068,0,0,가상은행 6647-86-592738,2026-06-25
E0089,총무팀,2012-04-10,4598225,18,401124,가상은행 2912-43-926097,2026-06-25
E0090,재무팀,2018-02-18,3128113,10,253065,가상은행 1584-17-273982,2026-06-25
E0091,총무팀,2021-12-27,4201315,18,404953,가상은행 6641-48-833723,2026-06-25
E0092,구매팀,2016-09-18,3879511,0,0,가상은행 8286-65-870214,2026-06-25
E0093,생산관리팀,2021-05-01,2870022,30,760315,가상은행 5712-85-121753,2026-06-25
E0094,총무팀,2021-01-25,5041850,18,433365,가상은행 4622-45-290305,2026-06-25
E0095,구매팀,2022-08-03,3832431,16,373331,가상은행 6489-23-999398,2026-06-25
E0096,IT운영팀,2017-07-23,3801109,30,773423,가상은행 7664-80-138479,2026-06-25
E0097,경영지원팀,2013-06-09,3410776,16,407354,가상은행 7757-10-789606,2026-06-25
E0098,경영지원팀,2018-01-07,4239676,26,650670,가상은행 6123-66-896907,2026-06-25
E0099,영업팀,2015-05-18,3201010,18,459420,가상은행 4970-25-130271,2026-06-25
E0100,재무팀,2023-03-10,4057169,22,519903,가상은행 2840-24-583863,2026-06-25
E0101,인사팀,2022-03-16,4603019,22,546076,가상은행 4403-71-595158,2026-06-25
E0102,재무팀,2019-09-05,3749934,26,624857,가상은행 8203-27-173201,2026-06-25
E0103,총무팀,2024-07-11,5216200,10,252821,가상은행 3317-48-978157,2026-06-25
E0104,경영지원팀,2025-03-15,4303934,12,279957,가상은행 7249-79-495533,2026-06-25
E0105,경영지원팀,2017-04-23,3349786,16,366947,가상은행 7353-62-145767,2026-06-25
E0106,생산관리팀,2023-08-23,5149874,16,415258,가상은행 7491-93-259493,2026-06-25
E0107,경영지원팀,2012-03-17,4224060,0,0,가상은행 3021-08-118677,2026-06-25
E0108,경영지원팀,2013-09-15,2825578,16,407739,가상은행 8945-29-178463,2026-06-25
E0109,경영지원팀,2024-05-11,4258395,30,669637,가상은행 3691-96-659543,2026-06-25
E0110,구매팀,2017-11-23,5205825,22,487159,가상은행 1560-40-761820,2026-06-25
E0111,총무팀,2015-12-03,3701612,30,744466,가상은행 1823-66-274446,2026-06-25
E0112,총무팀,2012-01-11,4979422,10,234338,가상은행 4528-28-356059,2026-06-25
E0113,구매팀,2021-11-26,3139120,4,89263,가상은행 8133-58-749813,2026-06-25
E0114,재무팀,2019-10-05,3291775,30,690477,가상은행 3091-95-109853,2026-06-25
E0115,경영지원팀,2016-11-18,3088724,18,464056,가상은행 5813-48-769975,2026-06-25
E0116,구매팀,2023-05-15,5108398,8,207979,가상은행 7990-71-211834,2026-06-25
E0117,재무팀,2018-10-12,4205122,10,220877,가상은행 7799-94-515032,2026-06-25
E0118,총무팀,2012-10-28,4475713,26,649497,가상은행 7822-46-913423,2026-06-25
E0119,재무팀,2021-06-08,4549683,26,598065,가상은행 7189-94-813928,2026-06-25
E0120,IT운영팀,2022-02-21,4470668,10,251544,가상은행 1273-84-482584,2026-06-25
E0121,IT운영팀,2013-05-11,4667843,4,91212,가상은행 7443-79-483629,2026-06-25
E0122,총무팀,2025-03-09,5202627,10,249862,가상은행 3774-24-591081,2026-06-25
E0123,인사팀,2014-04-28,4658358,22,516188,가상은행 7477-60-114594,2026-06-25
E0124,총무팀,2020-02-15,3487448,26,611626,가상은행 6230-57-213609,2026-06-25
E0125,재무팀,2019-01-20,4221969,26,595022,가상은행 1517-91-963874,2026-06-25
E0126,경영지원팀,2023-05-21,3711171,4,88725,가상은행 1304-48-616554,2026-06-25
E0127,인사팀,2013-04-18,3253762,18,422712,가상은행 8777-99-666432,2026-06-25
E0128,구매팀,2021-12-24,3267518,30,671882,가상은행 5008-88-527940,2026-06-25
E0129,총무팀,2012-12-12,3282460,8,1679483,가상은행 6617-57-670913,2026-06-25
E0130,생산관리팀,2012-07-09,3114046,18,402600,가상은행 2737-92-770556,2026-06-25
E0131,영업팀,2012-06-08,3346001,8,178195,가상은행 7268-80-317220,2026-06-25
E0132,재무팀,2025-04-11,5027360,26,572294,가상은행 8032-28-236306,2026-06-25
E0133,총무팀,2024-03-04,4463516,4,88237,가상은행 7471-40-717457,2026-06-25
E0134,생산관리팀,2012-03-09,2816457,16,385669,가상은행 7108-18-599380,2026-06-25
E0135,경영지원팀,2024-06-17,4107175,18,432276,가상은행 8744-88-145471,2026-06-25
E0136,총무팀,2019-11-01,3001124,16,379281,가상은행 1884-72-847006,2026-06-25
E0137,경영지원팀,2013-02-11,4127769,0,0,가상은행 6114-91-713799,2026-06-25
E0138,생산관리팀,2018-10-17,3587877,22,537277,가상은행 1812-99-219971,2026-06-25
E0139,재무팀,2018-08-08,3827697,18,424708,가상은행 6976-22-427730,2026-06-25
E0140,구매팀,2017-11-09,3430026,30,770758,가상은행 1549-21-972176,2026-06-25
E0141,인사팀,2013-07-04,4645374,4,96901,가상은행 5804-81-688967,2026-06-25
E0142,생산관리팀,2022-02-14,3571740,0,0,가상은행 5918-49-468727,2026-06-25
E0143,인사팀,2021-09-07,3302806,8,203112,가상은행 3868-81-485415,2026-06-25
E0144,인사팀,2024-05-19,3274978,22,569760,가상은행 7704-89-743378,2026-06-25
E0145,영업팀,2021-11-27,4590219,0,0,가상은행 6756-49-456331,2026-06-25
E0146,생산관리팀,2012-03-28,3346915,30,708094,가상은행 2162-91-132146,2026-06-25
E0147,인사팀,2023-09-07,3870113,18,420544,가상은행 4031-49-856648,2026-06-25
E0148,생산관리팀,2024-10-20,2777582,4,90518,가상은행 6061-16-806707,2026-06-25
E0149,인사팀,2016-08-22,3904626,26,617972,가상은행 3237-37-891615,2026-06-25
E0150,인사팀,2017-07-04,3605135,22,542707,가상은행 1372-38-514463,2026-06-25
E0151,영업팀,2012-04-10,3121950,10,231577,가상은행 1982-10-621546,2026-06-25
E0152,구매팀,2014-03-13,4170644,22,533167,가상은행 6472-55-175576,2026-06-25
E0153,구매팀,2025-12-02,3659825,18,462323,가상은행 8062-50-703727,2026-06-25
E0154,구매팀,2021-07-23,4668991,10,224606,가상은행 1170-51-280222,2026-06-25
E0155,경영지원팀,2025-12-12,2978962,0,0,가상은행 5824-61-649414,2026-06-25
E0156,인사팀,2018-05-24,3466167,12,301397,가상은행 1625-75-763984,2026-06-25
E0157,인사팀,2020-09-07,5133173,12,298914,가상은행 7708-92-954628,2026-06-25
E0158,IT운영팀,2015-02-05,3453427,4,97638,가상은행 7227-93-179013,2026-06-25
E0159,IT운영팀,2024-11-16,3945559,26,618686,가상은행 8570-82-774225,2026-06-25
E0160,생산관리팀,2025-11-11,3280562,0,0,가상은행 6172-48-935012,2026-06-25
E0161,총무팀,2021-01-12,4088897,10,238469,가상은행 1308-17-486649,2026-06-25
E0162,총무팀,2013-11-28,4997341,26,633784,가상은행 4149-69-708519,2026-06-25
E0163,영업팀,2019-10-21,3218572,26,621465,가상은행 2235-17-572407,2026-06-25
E0164,인사팀,2024-06-23,3014528,30,680707,가상은행 3029-66-560767,2026-06-25
E0165,IT운영팀,2017-06-10,3864312,12,296587,가상은행 1428-90-778748,2026-06-25
E0166,생산관리팀,2013-06-04,4252670,10,230079,가상은행 7976-94-731977,2026-06-25
E0167,IT운영팀,2017-02-19,4524149,12,278891,가상은행 6374-99-794299,2026-06-25
E0168,구매팀,2014-10-23,2912310,22,517147,가상은행 7485-52-952686,2026-06-25
E0169,IT운영팀,2022-12-27,4725981,0,0,가상은행 4468-75-479404,2026-06-25
E0170,영업팀,2017-05-06,3229166,18,409824,가상은행 2126-29-180913,2026-06-25
E0171,총무팀,2025-02-17,5232995,22,487321,가상은행 3758-89-237414,2026-06-25
E0172,구매팀,2014-03-06,5036790,18,399145,가상은행 3984-96-854540,2026-06-25
E0173,재무팀,2019-10-10,5185367,8,193088,가상은행 3535-70-975679,2026-06-25
E0174,재무팀,2017-11-19,3892053,10,251124,가상은행 5119-77-538997,2026-06-25
E0175,IT운영팀,2025-04-26,4122560,10,222087,가상은행 4936-57-681478,2026-06-25
E0176,인사팀,2023-09-28,2899455,0,0,가상은행 3234-67-638289,2026-06-25
E0177,IT운영팀,2025-07-03,3286520,12,308662,가상은행 4398-16-515712,2026-06-25
E0178,생산관리팀,2015-07-03,3467722,0,0,가상은행 1811-93-451577,2026-06-25
E0179,IT운영팀,2014-01-10,5197702,4,100141,가상은행 4842-67-745239,2026-06-25
E0180,영업팀,2013-01-09,3128391,22,566739,가상은행 5987-77-543814,2026-06-25
E0181,인사팀,2024-05-08,3413883,0,0,가상은행 6234-89-579318,2026-06-25
E0182,인사팀,2013-08-20,4058616,30,721845,가상은행 2981-28-405420,2026-06-25
E0183,구매팀,2012-10-12,3349192,16,363988,가상은행 6474-20-648913,2026-06-25
E0184,생산관리팀,2013-09-18,4316140,22,485789,가상은행 8154-70-145649,2026-06-25
E0185,구매팀,2017-05-24,2937220,0,0,가상은행 7004-94-758775,2026-06-25
E0186,인사팀,2024-10-24,5124335,4,88709,가상은행 5472-53-953025,2026-06-25
E0187,IT운영팀,2025-11-15,4700888,30,681873,가상은행 2104-18-850827,2026-06-25
E0188,경영지원팀,2012-05-07,2854579,0,0,가상은행 3540-75-517568,2026-06-25
E0189,경영지원팀,2016-01-25,4550193,10,234278,가상은행 7396-16-787584,2026-06-25
E0190,생산관리팀,2016-02-26,9400000,16,399571,가상은행 3777-33-620306,2026-06-25
E0191,경영지원팀,2017-09-09,4993312,16,357051,가상은행 5935-33-671971,2026-06-25
E0192,총무팀,2017-02-03,3505000,10,237836,가상은행 6879-64-274739,2026-06-25
E0193,경영지원팀,2017-08-02,4634842,26,675807,가상은행 3249-91-929924,2026-06-25
E0194,영업팀,2013-11-21,3840479,22,554496,가상은행 6565-30-132653,2026-06-25
E0195,IT운영팀,2025-10-22,5179728,0,0,가상은행 2933-92-484123,2026-06-25
E0196,생산관리팀,2018-10-02,4130445,30,713990,가상은행 4038-57-565504,2026-06-25
E0197,인사팀,2021-03-17,3558684,12,295178,가상은행 3044-24-127172,2026-06-25
E0198,IT운영팀,2019-09-13,4111740,10,250998,가상은행 6767-67-324993,2026-06-25
E0199,총무팀,2023-08-07,2821160,0,0,가상은행 8361-66-192055,2026-06-25
E0200,생산관리팀,2022-06-23,3038356,22,509551,가상은행 3457-30-846385,2026-06-25
E0201,IT운영팀,2024-06-17,3113628,8,201346,가상은행 2939-73-127560,2026-06-25
E0202,생산관리팀,2020-10-12,3939221,4,97791,가상은행 1706-18-424314,2026-06-25
E0203,구매팀,2023-12-16,4265374,16,404693,가상은행 1604-26-432427,2026-06-25
E0204,인사팀,2019-08-22,4230624,4,102047,가상은행 7391-80-770872,2026-06-25
E0205,IT운영팀,2024-03-14,4079052,8,1731725,가상은행 3643-38-462831,2026-06-25
E0206,총무팀,2025-02-09,3338799,10,225006,가상은행 3480-88-659392,2026-06-25
E0207,인사팀,2020-11-06,4130842,4,98539,가상은행 6903-87-454019,2026-06-25
E0208,영업팀,2025-01-03,2888755,30,685297,가상은행 5686-63-748133,2026-06-25
E0209,영업팀,2019-11-18,3508384,18,413631,가상은행 7613-97-525818,2026-06-25
E0210,총무팀,2019-02-23,2832879,18,425924,가상은행 4804-36-456717,2026-06-25
E0211,IT운영팀,2017-12-11,4631073,16,360369,가상은행 4035-75-688933,2026-06-25
E0212,인사팀,2017-04-15,2890232,18,413850,가상은행 1793-16-404309,2026-06-25
E0213,구매팀,2025-10-14,3133728,12,308820,가상은행 6907-50-299055,2026-06-25
E0214,IT운영팀,2019-09-15,3811764,18,397668,가상은행 8743-60-629996,2026-06-25
E0215,경영지원팀,2015-04-19,3375510,0,0,가상은행 5894-93-805188,2026-06-25
E0216,경영지원팀,2016-09-01,5006359,16,360571,가상은행 3166-56-900961,2026-06-25
E0217,구매팀,2017-01-13,3048991,22,501129,가상은행 5532-46-177103,2026-06-25
E0218,구매팀,2020-08-25,4196654,26,642761,가상은행 1973-26-201377,2026-06-25
E0219,구매팀,2017-06-18,3425637,8,195278,가상은행 4288-74-142210,2026-06-25
E0220,영업팀,2012-03-23,3598378,22,524214,가상은행 5966-75-246570,2026-06-25
E0221,생산관리팀,2021-06-06,3806884,26,606982,가상은행 7785-75-658198,2026-06-25
E0222,경영지원팀,2023-10-10,3658722,12,279899,가상은행 1897-63-712056,2026-06-25
E0223,총무팀,2024-12-28,4463970,26,621357,가상은행 8922-93-920934,2026-06-25
E0224,재무팀,2023-01-19,3739397,22,539354,가상은행 6076-58-254954,2026-06-25
E0225,재무팀,2012-10-23,2850025,0,0,가상은행 4430-29-533020,2026-06-25
E0226,재무팀,2018-09-25,4297257,0,0,가상은행 5249-36-688132,2026-06-25
E0227,생산관리팀,2022-08-17,3814496,4,95354,가상은행 5367-53-672808,2026-06-25
E0228,생산관리팀,2022-12-22,4588601,26,622354,가상은행 8842-41-392559,2026-06-25
E0229,총무팀,2015-05-25,3458673,18,418826,가상은행 3857-81-934042,2026-06-25
E0230,총무팀,2016-02-19,4734788,16,409328,가상은행 4232-54-910616,2026-06-25
E0231,IT운영팀,2016-01-10,4491434,12,308352,가상은행 6373-42-883641,2026-06-25
E0232,경영지원팀,2015-04-27,4192151,22,545263,가상은행 2124-23-745584,2026-06-25
E0233,재무팀,2015-01-22,4168316,30,687940,가상은행 3021-08-118677,2026-06-25
E0234,인사팀,2018-06-23,3702714,30,752491,가상은행 1042-80-265613,2026-06-25
E0235,구매팀,2022-08-16,4554572,10,232846,가상은행 6291-17-906066,2026-06-25
E0236,인사팀,2022-10-08,4069555,4,94686,가상은행 7861-32-138105,2026-06-25
E0237,구매팀,2024-08-06,4601764,0,0,가상은행 5652-87-212512,2026-06-25
E0238,생산관리팀,2016-08-21,4324893,18,460026,가상은행 2099-74-590755,2026-06-25
E0239,총무팀,2015-02-11,3290603,30,690871,가상은행 2525-11-872399,2026-06-25
E0240,생산관리팀,2024-05-19,4551272,4,97775,가상은행 6232-61-967161,2026-06-25
E0241,구매팀,2020-06-03,3700009,4,103706,가상은행 4911-51-360096,2026-06-25
E0242,영업팀,2016-07-08,3789981,12,278493,가상은행 6921-83-111991,2026-06-25
E0243,총무팀,2022-06-23,3082571,30,674186,가상은행 3513-30-525110,2026-06-25
E0244,총무팀,2023-02-21,3542698,26,594968,가상은행 8842-27-601410,2026-06-25
E0245,IT운영팀,2019-12-20,3568022,22,564326,가상은행 7204-78-940952,2026-06-25
E0246,재무팀,2024-04-22,4992923,22,523313,가상은행 6765-56-181896,2026-06-25
E0247,인사팀,2012-09-17,3331364,4,90632,가상은행 7999-76-563303,2026-06-25
E0248,인사팀,2022-04-23,4306286,0,0,가상은행 4649-17-575458,2026-06-25
E0249,IT운영팀,2020-07-15,4080270,22,524689,가상은행 7610-49-858414,2026-06-25
E0250,영업팀,2018-05-27,2864243,26,579595,가상은행 4470-54-834406,2026-06-25
E0251,인사팀,2020-01-03,3666638,10,236354,가상은행 7299-27-903028,2026-06-25
E0252,구매팀,2017-07-15,5147916,16,357135,가상은행 8898-94-665497,2026-06-25
E0253,IT운영팀,2022-06-04,3331678,16,385845,가상은행 6962-38-975373,2026-06-25
E0254,영업팀,2024-01-10,3935446,16,386043,가상은행 7744-39-359535,2026-06-25
E0255,경영지원팀,2017-03-09,3109163,0,0,가상은행 4434-88-903265,2026-06-25
E0256,영업팀,2015-04-03,2767603,18,439040,가상은행 6761-16-356622,2026-06-25
E0257,영업팀,2018-08-08,4163911,0,0,가상은행 3369-39-955413,2026-06-25
E0258,생산관리팀,2021-10-25,4618120,8,185656,가상은행 2173-94-646571,2026-06-25
E0259,재무팀,2018-05-09,3041880,26,663490,가상은행 8467-32-756401,2026-06-25
E0260,구매팀,2020-08-02,3549834,22,512048,가상은행 4410-62-256466,2026-06-25
E0261,총무팀,2018-03-25,4298260,8,203178,가상은행 3463-28-944917,2026-06-25
E0262,경영지원팀,2012-09-14,3942178,22,495800,가상은행 2989-42-313214,2026-06-25
E0263,생산관리팀,2022-02-15,5144551,0,0,가상은행 7794-34-154040,2026-06-25
E0264,총무팀,2018-11-20,4070734,0,0,가상은행 7239-85-859489,2026-06-25
E0265,재무팀,2019-04-28,3508957,0,0,가상은행 2556-25-883159,2026-06-25
E0266,경영지원팀,2015-12-20,4557223,16,410568,가상은행 5522-51-913185,2026-06-25
E0267,총무팀,2018-08-18,4638355,10,230462,가상은행 5200-73-588640,2026-06-25
E0268,인사팀,2024-12-16,5117894,8,187862,가상은행 4390-15-689849,2026-06-25
E0269,재무팀,2023-03-01,3640094,26,632230,가상은행 4420-47-259814,2026-06-25
E0270,재무팀,2017-04-13,4178833,18,435646,가상은행 8728-97-453961,2026-06-25
E0271,총무팀,2024-08-24,4707213,8,1735412,가상은행 6900-79-612036,2026-06-25
E0272,IT운영팀,2020-11-02,4067733,0,0,가상은행 6474-16-901467,2026-06-25
E0273,영업팀,2018-03-27,4571337,0,0,가상은행 1074-37-630299,2026-06-25
E0274,경영지원팀,2017-01-20,4703338,30,718542,가상은행 1054-78-678440,2026-06-25
E0275,구매팀,2012-01-17,4594043,22,570018,가상은행 1140-74-952657,2026-06-25
E0276,구매팀,2024-03-04,3024928,4,91855,가상은행 6077-77-364679,2026-06-25
E0277,생산관리팀,2016-07-03,3562875,18,436680,가상은행 6711-38-414546,2026-06-25
E0278,인사팀,2022-11-25,2799021,16,376272,가상은행 5527-70-158840,2026-06-25
E0279,영업팀,2023-03-03,3877493,30,754125,가상은행 5635-22-653815,2026-06-25
E0280,영업팀,2015-04-28,4747158,18,415518,가상은행 8570-19-817675,2026-06-25
E0281,총무팀,2020-10-22,2844033,12,264751,가상은행 2697-85-251195,2026-06-25
E0282,구매팀,2013-05-06,4176076,26,658803,가상은행 4187-96-666820,2026-06-25
E0283,생산관리팀,2018-12-05,4991118,22,549600,가상은행 3833-16-202430,2026-06-25
E0284,구매팀,2015-02-11,4257986,12,265422,가상은행 3239-67-614435,2026-06-25
E0285,재무팀,2017-09-13,3747380,30,730305,가상은행 4113-20-909676,2026-06-25
E0286,총무팀,2024-04-23,2793011,10,226168,가상은행 6830-91-261771,2026-06-25
E0287,구매팀,2017-06-04,2752723,10,237789,가상은행 7236-44-207197,2026-06-25
E0288,IT운영팀,2013-03-14,3942020,22,529094,가상은행 7742-11-390455,2026-06-25
E0289,인사팀,2012-02-12,4098792,26,634196,가상은행 3657-59-112940,2026-06-25
E0290,총무팀,2018-07-25,3043358,8,194302,가상은행 2389-97-499226,2026-06-25
E0291,IT운영팀,2014-05-10,3608538,4,89012,가상은행 4560-45-541557,2026-06-25
E0292,총무팀,2019-02-12,3479284,30,719496,가상은행 6051-35-580102,2026-06-25
E0293,인사팀,2014-05-01,3824177,26,611508,가상은행 8063-52-561607,2026-06-25
E0294,생산관리팀,2018-11-20,3207514,12,292954,가상은행 6695-35-602278,2026-06-25
E0295,생산관리팀,2014-07-11,3607429,26,653325,가상은행 3669-58-393916,2026-06-25
E0296,구매팀,2017-02-19,3336066,4,98907,가상은행 5506-13-862538,2026-06-25
E0297,경영지원팀,2023-04-15,5102741,0,0,가상은행 7518-62-805668,2026-06-25
E0298,경영지원팀,2014-11-10,3182477,30,678497,가상은행 4466-58-177558,2026-06-25
E0299,경영지원팀,2021-08-19,3930162,22,565267,가상은행 8124-98-538620,2026-06-25
E0300,영업팀,2024-06-23,5231493,26,638370,가상은행 1696-23-906306,2026-06-25
